fips_code,incident_start_date,incidenttype,is_major_disaster,state
41067,2024-08-08 00:00:00+00:00,Fire,0,OR
41031,2024-08-04 00:00:00+00:00,Fire,0,OR
41017,2024-08-02 00:00:00+00:00,Fire,0,OR
06000,2017-02-08 00:00:00+00:00,Severe Storm,1,CA
01001,2015-12-23 00:00:00+00:00,Severe Storm,1,AL
01005,2015-12-23 00:00:00+00:00,Severe Storm,1,AL
01009,2015-12-23 00:00:00+00:00,Severe Storm,1,AL
01011,2015-12-23 00:00:00+00:00,Severe Storm,1,AL
01013,2015-12-23 00:00:00+00:00,Severe Storm,1,AL
41001,2024-07-21 00:00:00+00:00,Fire,0,OR
41045,2024-07-21 00:00:00+00:00,Fire,0,OR
41023,2024-07-21 00:00:00+00:00,Fire,0,OR
41049,2024-07-21 00:00:00+00:00,Fire,0,OR
41059,2024-07-21 00:00:00+00:00,Fire,0,OR
41023,2024-07-20 00:00:00+00:00,Fire,0,OR
41023,2024-07-18 00:00:00+00:00,Fire,0,OR
41025,2024-07-18 00:00:00+00:00,Fire,0,OR
41021,2024-07-17 00:00:00+00:00,Fire,0,OR
41049,2024-07-17 00:00:00+00:00,Fire,0,OR
41069,2024-07-17 00:00:00+00:00,Fire,0,OR
30007,2024-07-09 00:00:00+00:00,Fire,0,MT
30049,2024-07-09 00:00:00+00:00,Fire,0,MT
41065,2024-07-10 00:00:00+00:00,Fire,0,OR
01017,2015-12-23 00:00:00+00:00,Severe Storm,1,AL
01019,2015-12-23 00:00:00+00:00,Severe Storm,1,AL
01027,2015-12-23 00:00:00+00:00,Severe Storm,1,AL
41017,2024-06-25 00:00:00+00:00,Fire,0,OR
01029,2015-12-23 00:00:00+00:00,Severe Storm,1,AL
35027,2024-05-16 00:00:00+00:00,Fire,0,NM
40153,2024-04-06 00:00:00+00:00,Fire,0,OK
40045,2024-02-27 00:00:00+00:00,Fire,0,OK
48211,2024-02-27 00:00:00+00:00,Fire,0,TX
48233,2024-02-27 00:00:00+00:00,Fire,0,TX
48393,2024-02-27 00:00:00+00:00,Fire,0,TX
48341,2024-02-27 00:00:00+00:00,Fire,0,TX
22079,2023-08-30 00:00:00+00:00,Fire,0,LA
22115,2023-08-30 00:00:00+00:00,Fire,0,LA
22115,2023-08-26 00:00:00+00:00,Fire,0,LA
22115,2023-08-25 00:00:00+00:00,Fire,0,LA
22011,2023-08-23 00:00:00+00:00,Fire,0,LA
53063,2023-08-19 00:00:00+00:00,Fire,0,WA
30089,2023-08-18 00:00:00+00:00,Fire,0,MT
53063,2023-08-18 00:00:00+00:00,Fire,0,WA
15001,2023-08-08 00:00:00+00:00,Fire,0,HI
15009,2023-08-09 00:00:00+00:00,Fire,0,HI
15009,2023-08-09 00:00:00+00:00,Fire,0,HI
15009,2023-08-09 00:00:00+00:00,Fire,0,HI
15001,2023-08-08 00:00:00+00:00,Fire,0,HI
53047,2023-07-29 00:00:00+00:00,Fire,0,WA
53039,2023-07-21 00:00:00+00:00,Fire,0,WA
53025,2023-07-10 00:00:00+00:00,Fire,0,WA
53045,2023-07-04 00:00:00+00:00,Fire,0,WA
53059,2023-07-02 00:00:00+00:00,Fire,0,WA
04013,2023-06-27 00:00:00+00:00,Fire,0,AZ
35033,2023-05-10 00:00:00+00:00,Fire,0,NM
35047,2023-05-10 00:00:00+00:00,Fire,0,NM
44009,2023-04-14 00:00:00+00:00,Fire,0,RI
20201,2023-04-13 00:00:00+00:00,Fire,0,KS
31025,2023-04-08 00:00:00+00:00,Fire,0,NE
35057,2023-04-02 00:00:00+00:00,Fire,0,NM
40147,2023-03-31 00:00:00+00:00,Fire,0,OK
40109,2023-03-31 00:00:00+00:00,Fire,0,OK
40083,2023-03-31 00:00:00+00:00,Fire,0,OK
41039,2022-09-09 00:00:00+00:00,Fire,0,OR
53011,2022-10-16 00:00:00+00:00,Fire,0,WA
53059,2022-10-16 00:00:00+00:00,Fire,0,WA
53033,2022-09-10 00:00:00+00:00,Fire,0,WA
53061,2022-09-10 00:00:00+00:00,Fire,0,WA
41005,2022-09-10 00:00:00+00:00,Fire,0,OR
06017,2022-09-09 00:00:00+00:00,Fire,0,CA
06061,2022-09-09 00:00:00+00:00,Fire,0,CA
16013,2022-09-05 00:00:00+00:00,Fire,0,ID
06065,2022-09-05 00:00:00+00:00,Fire,0,CA
06093,2022-09-02 00:00:00+00:00,Fire,0,CA
16003,2022-08-18 00:00:00+00:00,Fire,0,ID
16045,2022-08-18 00:00:00+00:00,Fire,0,ID
16085,2022-08-18 00:00:00+00:00,Fire,0,ID
32031,2022-08-14 00:00:00+00:00,Fire,0,NV
53001,2022-08-04 00:00:00+00:00,Fire,0,WA
41065,2022-08-02 00:00:00+00:00,Fire,0,OR
06043,2022-07-22 00:00:00+00:00,Fire,0,CA
48221,2022-07-18 00:00:00+00:00,Fire,0,TX
48425,2022-07-18 00:00:00+00:00,Fire,0,TX
48035,2022-07-07 00:00:00+00:00,Fire,0,TX
02068,2022-06-21 00:00:00+00:00,Fire,0,AK
02290,2022-06-21 00:00:00+00:00,Fire,0,AK
48441,2022-05-18 00:00:00+00:00,Fire,0,TX
06059,2022-05-11 00:00:00+00:00,Fire,0,CA
35047,2022-04-20 00:00:00+00:00,Fire,0,NM
35007,2022-04-28 00:00:00+00:00,Fire,0,NM
31063,2022-04-22 00:00:00+00:00,Fire,0,NE
31065,2022-04-22 00:00:00+00:00,Fire,0,NE
31145,2022-04-22 00:00:00+00:00,Fire,0,NE
04005,2022-04-19 00:00:00+00:00,Fire,0,AZ
35027,2022-04-12 00:00:00+00:00,Fire,0,NM
35027,2022-04-12 00:00:00+00:00,Fire,0,NM
35047,2022-04-12 00:00:00+00:00,Fire,0,NM
35061,2022-04-11 00:00:00+00:00,Fire,0,NM
48221,2022-03-20 00:00:00+00:00,Fire,0,TX
48133,2022-03-17 00:00:00+00:00,Fire,0,TX
48133,2022-03-17 00:00:00+00:00,Fire,0,TX
12005,2022-03-04 00:00:00+00:00,Fire,0,FL
12013,2022-03-04 00:00:00+00:00,Fire,0,FL
20079,2022-03-05 00:00:00+00:00,Fire,0,KS
20155,2022-03-05 00:00:00+00:00,Fire,0,KS
12005,2022-03-04 00:00:00+00:00,Fire,0,FL
08013,2021-12-30 00:00:00+00:00,Fire,0,CO
40139,2021-12-15 00:00:00+00:00,Fire,0,OK
48485,2021-12-10 00:00:00+00:00,Fire,0,TX
06083,2021-10-12 00:00:00+00:00,Fire,0,CA
46103,2021-10-04 00:00:00+00:00,Fire,0,SD
06089,2021-09-23 00:00:00+00:00,Fire,0,CA
06029,2021-08-24 00:00:00+00:00,Fire,0,CA
53077,2021-08-19 00:00:00+00:00,Fire,0,WA
53007,2021-08-17 00:00:00+00:00,Fire,0,WA
53065,2021-08-16 00:00:00+00:00,Fire,0,WA
53047,2021-08-15 00:00:00+00:00,Fire,0,WA
41037,2021-08-15 00:00:00+00:00,Fire,0,OR
16000,2021-08-12 00:00:00+00:00,Fire,0,ID
16069,2021-08-12 00:00:00+00:00,Fire,0,ID
30087,2021-08-10 00:00:00+00:00,Fire,0,MT
15001,2021-08-01 00:00:00+00:00,Fire,0,HI
30000,2021-07-28 00:00:00+00:00,Fire,0,MT
30003,2021-07-28 00:00:00+00:00,Fire,0,MT
32005,2021-07-22 00:00:00+00:00,Fire,0,NV
53047,2021-07-19 00:00:00+00:00,Fire,0,WA
30111,2021-07-16 00:00:00+00:00,Fire,0,MT
53007,2021-07-13 00:00:00+00:00,Fire,0,WA
53000,2021-07-12 00:00:00+00:00,Fire,0,WA
41035,2021-07-10 00:00:00+00:00,Fire,0,OR
41037,2021-07-10 00:00:00+00:00,Fire,0,OR
53063,2021-07-05 00:00:00+00:00,Fire,0,WA
41017,2021-06-29 00:00:00+00:00,Fire,0,OR
06093,2021-06-24 00:00:00+00:00,Fire,0,CA
30009,2021-06-15 00:00:00+00:00,Fire,0,MT
32005,2021-06-09 00:00:00+00:00,Fire,0,NV
04007,2021-06-06 00:00:00+00:00,Fire,0,AZ
04021,2021-06-06 00:00:00+00:00,Fire,0,AZ
49017,2021-06-05 00:00:00+00:00,Fire,0,UT
04025,2021-05-27 00:00:00+00:00,Fire,0,AZ
35027,2021-04-26 00:00:00+00:00,Fire,0,NM
04021,2021-04-08 00:00:00+00:00,Fire,0,AZ
46103,2021-03-29 00:00:00+00:00,Fire,0,SD
06059,2020-12-03 00:00:00+00:00,Fire,0,CA
32031,2020-11-17 00:00:00+00:00,Fire,0,NV
06059,2020-10-26 00:00:00+00:00,Fire,0,CA
06065,2020-10-26 00:00:00+00:00,Fire,0,CA
06071,2020-10-26 00:00:00+00:00,Fire,0,CA
06059,2020-10-26 00:00:00+00:00,Fire,0,CA
08013,2020-10-17 00:00:00+00:00,Fire,0,CO
08049,2020-10-17 00:00:00+00:00,Fire,0,CO
56001,2020-09-25 00:00:00+00:00,Fire,0,WY
56007,2020-09-25 00:00:00+00:00,Fire,0,WY
06037,2020-09-13 00:00:00+00:00,Fire,0,CA
01031,2015-12-23 00:00:00+00:00,Severe Storm,1,AL
01033,2015-12-23 00:00:00+00:00,Severe Storm,1,AL
01035,2015-12-23 00:00:00+00:00,Severe Storm,1,AL
01039,2015-12-23 00:00:00+00:00,Severe Storm,1,AL
01041,2015-12-23 00:00:00+00:00,Severe Storm,1,AL
01043,2015-12-23 00:00:00+00:00,Severe Storm,1,AL
01045,2015-12-23 00:00:00+00:00,Severe Storm,1,AL
01049,2015-12-23 00:00:00+00:00,Severe Storm,1,AL
01051,2015-12-23 00:00:00+00:00,Severe Storm,1,AL
01053,2015-12-23 00:00:00+00:00,Severe Storm,1,AL
01057,2015-12-23 00:00:00+00:00,Severe Storm,1,AL
01059,2015-12-23 00:00:00+00:00,Severe Storm,1,AL
01061,2015-12-23 00:00:00+00:00,Severe Storm,1,AL
41037,2020-09-12 00:00:00+00:00,Fire,0,OR
41067,2020-09-08 00:00:00+00:00,Fire,0,OR
41071,2020-09-08 00:00:00+00:00,Fire,0,OR
41005,2020-09-08 00:00:00+00:00,Fire,0,OR
41033,2020-09-09 00:00:00+00:00,Fire,0,OR
41057,2020-09-08 00:00:00+00:00,Fire,0,OR
41029,2020-09-08 00:00:00+00:00,Fire,0,OR
41005,2020-09-08 00:00:00+00:00,Fire,0,OR
41019,2020-09-08 00:00:00+00:00,Fire,0,OR
41029,2020-09-08 00:00:00+00:00,Fire,0,OR
41041,2020-09-08 00:00:00+00:00,Fire,0,OR
53053,2020-09-08 00:00:00+00:00,Fire,0,WA
53067,2020-09-08 00:00:00+00:00,Fire,0,WA
41067,2020-09-08 00:00:00+00:00,Fire,0,OR
41039,2020-09-08 00:00:00+00:00,Fire,0,OR
41000,2020-09-07 00:00:00+00:00,Fire,0,OR
41005,2020-09-07 00:00:00+00:00,Fire,0,OR
41031,2020-09-07 00:00:00+00:00,Fire,0,OR
41043,2020-09-07 00:00:00+00:00,Fire,0,OR
41047,2020-09-07 00:00:00+00:00,Fire,0,OR
53063,2020-09-07 00:00:00+00:00,Fire,0,WA
53075,2020-09-07 00:00:00+00:00,Fire,0,WA
41035,2020-09-07 00:00:00+00:00,Fire,0,OR
01067,2015-12-23 00:00:00+00:00,Severe Storm,1,AL
53007,2020-09-07 00:00:00+00:00,Fire,0,WA
53000,2020-09-07 00:00:00+00:00,Fire,0,WA
01069,2015-12-23 00:00:00+00:00,Severe Storm,1,AL
01071,2015-12-23 00:00:00+00:00,Severe Storm,1,AL
01075,2015-12-23 00:00:00+00:00,Severe Storm,1,AL
53017,2020-09-07 00:00:00+00:00,Fire,0,WA
53047,2020-09-07 00:00:00+00:00,Fire,0,WA
01079,2015-12-23 00:00:00+00:00,Severe Storm,1,AL
01081,2015-12-23 00:00:00+00:00,Severe Storm,1,AL
01085,2015-12-23 00:00:00+00:00,Severe Storm,1,AL
01087,2015-12-23 00:00:00+00:00,Severe Storm,1,AL
01093,2015-12-23 00:00:00+00:00,Severe Storm,1,AL
56007,2020-09-05 00:00:00+00:00,Fire,0,WY
30031,2020-09-05 00:00:00+00:00,Fire,0,MT
01095,2015-12-23 00:00:00+00:00,Severe Storm,1,AL
30017,2020-09-03 00:00:00+00:00,Fire,0,MT
30075,2020-09-03 00:00:00+00:00,Fire,0,MT
30087,2020-09-03 00:00:00+00:00,Fire,0,MT
30065,2020-09-02 00:00:00+00:00,Fire,0,MT
30111,2020-09-02 00:00:00+00:00,Fire,0,MT
30033,2020-09-02 00:00:00+00:00,Fire,0,MT
01099,2015-12-23 00:00:00+00:00,Severe Storm,1,AL
53077,2020-09-01 00:00:00+00:00,Fire,0,WA
41065,2020-08-17 00:00:00+00:00,Fire,0,OR
04000,2020-08-17 00:00:00+00:00,Fire,0,AZ
04007,2020-08-17 00:00:00+00:00,Fire,0,AZ
53047,2020-08-18 00:00:00+00:00,Fire,0,WA
08045,2020-08-19 00:00:00+00:00,Fire,0,CO
08077,2020-08-19 00:00:00+00:00,Fire,0,CO
08037,2020-08-13 00:00:00+00:00,Fire,0,CO
08045,2020-08-13 00:00:00+00:00,Fire,0,CO
06057,2020-08-18 00:00:00+00:00,Fire,0,CA
53000,2020-08-16 00:00:00+00:00,Fire,0,WA
53077,2020-08-16 00:00:00+00:00,Fire,0,WA
32031,2020-08-15 00:00:00+00:00,Fire,0,NV
41065,2020-08-12 00:00:00+00:00,Fire,0,OR
32031,2020-08-02 00:00:00+00:00,Fire,0,NV
06000,2020-08-02 00:00:00+00:00,Fire,0,CA
06065,2020-08-02 00:00:00+00:00,Fire,0,CA
06071,2020-08-02 00:00:00+00:00,Fire,0,CA
30095,2020-08-02 00:00:00+00:00,Fire,0,MT
30111,2020-08-02 00:00:00+00:00,Fire,0,MT
53047,2020-07-27 00:00:00+00:00,Fire,0,WA
32031,2020-07-21 00:00:00+00:00,Fire,0,NV
53017,2020-07-11 00:00:00+00:00,Fire,0,WA
32005,2020-07-06 00:00:00+00:00,Fire,0,NV
49027,2020-06-28 00:00:00+00:00,Fire,0,UT
32031,2020-06-27 00:00:00+00:00,Fire,0,NV
04007,2020-06-20 00:00:00+00:00,Fire,0,AZ
04013,2020-06-20 00:00:00+00:00,Fire,0,AZ
04013,2020-05-17 00:00:00+00:00,Fire,0,AZ
12021,2020-05-13 00:00:00+00:00,Fire,0,FL
12131,2020-05-06 00:00:00+00:00,Fire,0,FL
12113,2020-05-06 00:00:00+00:00,Fire,0,FL
40007,2020-03-07 00:00:00+00:00,Fire,0,OK
40045,2019-11-26 00:00:00+00:00,Fire,0,OK
06083,2019-11-25 00:00:00+00:00,Fire,0,CA
06111,2019-11-01 00:00:00+00:00,Fire,0,CA
06071,2019-10-31 00:00:00+00:00,Fire,0,CA
06065,2019-10-31 00:00:00+00:00,Fire,0,CA
06065,2019-10-30 00:00:00+00:00,Fire,0,CA
06111,2019-10-30 00:00:00+00:00,Fire,0,CA
06037,2019-10-28 00:00:00+00:00,Fire,0,CA
06037,2019-10-24 00:00:00+00:00,Fire,0,CA
06097,2019-10-24 00:00:00+00:00,Fire,0,CA
06037,2019-10-10 00:00:00+00:00,Fire,0,CA
06111,2019-10-10 00:00:00+00:00,Fire,0,CA
49011,2019-08-30 00:00:00+00:00,Fire,0,UT
32031,2019-08-24 00:00:00+00:00,Fire,0,NV
02170,2019-08-17 00:00:00+00:00,Fire,0,AK
32005,2019-08-21 00:00:00+00:00,Fire,0,NV
48197,2019-08-16 00:00:00+00:00,Fire,0,TX
02170,2019-08-17 00:00:00+00:00,Fire,0,AK
30049,2019-07-26 00:00:00+00:00,Fire,0,MT
41019,2019-07-27 00:00:00+00:00,Fire,0,OR
04005,2019-07-22 00:00:00+00:00,Fire,0,AZ
32031,2019-07-13 00:00:00+00:00,Fire,0,NV
02090,2019-06-21 00:00:00+00:00,Fire,0,AK
35061,2019-03-07 00:00:00+00:00,Fire,0,NM
06037,2018-11-08 00:00:00+00:00,Fire,0,CA
06111,2018-11-08 00:00:00+00:00,Fire,0,CA
06111,2018-11-08 00:00:00+00:00,Fire,0,CA
06007,2018-11-08 00:00:00+00:00,Fire,0,CA
49049,2018-09-21 00:00:00+00:00,Fire,0,UT
56035,2018-09-18 00:00:00+00:00,Fire,0,WY
01105,2015-12-23 00:00:00+00:00,Severe Storm,1,AL
01109,2015-12-23 00:00:00+00:00,Severe Storm,1,AL
53019,2018-08-11 00:00:00+00:00,Fire,0,WA
46047,2018-08-11 00:00:00+00:00,Fire,0,SD
53017,2018-08-11 00:00:00+00:00,Fire,0,WA
53025,2018-08-11 00:00:00+00:00,Fire,0,WA
01113,2015-12-23 00:00:00+00:00,Severe Storm,1,AL
53007,2018-08-10 00:00:00+00:00,Fire,0,WA
53000,2018-08-10 00:00:00+00:00,Fire,0,WA
53077,2018-08-10 00:00:00+00:00,Fire,0,WA
06065,2018-08-09 00:00:00+00:00,Fire,0,CA
49039,2018-08-06 00:00:00+00:00,Fire,0,UT
53043,2018-08-02 00:00:00+00:00,Fire,0,WA
01115,2015-12-23 00:00:00+00:00,Severe Storm,1,AL
48053,2018-07-29 00:00:00+00:00,Fire,0,TX
16033,2018-07-28 00:00:00+00:00,Fire,0,ID
06000,2018-07-29 00:00:00+00:00,Fire,0,CA
06033,2018-07-29 00:00:00+00:00,Fire,0,CA
06045,2018-07-29 00:00:00+00:00,Fire,0,CA
53017,2018-07-27 00:00:00+00:00,Fire,0,WA
01127,2015-12-23 00:00:00+00:00,Severe Storm,1,AL
06065,2018-07-25 00:00:00+00:00,Fire,0,CA
06089,2018-07-23 00:00:00+00:00,Fire,0,CA
06105,2018-07-23 00:00:00+00:00,Fire,0,CA
48049,2018-07-23 00:00:00+00:00,Fire,0,TX
53025,2018-07-19 00:00:00+00:00,Fire,0,WA
01133,2015-12-23 00:00:00+00:00,Severe Storm,1,AL
53063,2018-07-17 00:00:00+00:00,Fire,0,WA
53037,2018-07-09 00:00:00+00:00,Fire,0,WA
06083,2018-07-07 00:00:00+00:00,Fire,0,CA
06073,2018-07-06 00:00:00+00:00,Fire,0,CA
06093,2018-07-05 00:00:00+00:00,Fire,0,CA
08037,2018-07-04 00:00:00+00:00,Fire,0,CO
49013,2018-07-02 00:00:00+00:00,Fire,0,UT
49051,2018-07-02 00:00:00+00:00,Fire,0,UT
08119,2018-06-30 00:00:00+00:00,Fire,0,CO
08023,2018-06-28 00:00:00+00:00,Fire,0,CO
37173,2025-03-25 00:00:00+00:00,Fire,0,NC
08055,2018-06-28 00:00:00+00:00,Fire,0,CO
06033,2018-06-24 00:00:00+00:00,Fire,0,CA
32019,2018-06-17 00:00:00+00:00,Fire,0,NV
56001,2018-06-11 00:00:00+00:00,Fire,0,WY
35035,2018-06-07 00:00:00+00:00,Fire,0,NM
35007,2018-05-31 00:00:00+00:00,Fire,0,NM
48243,2018-05-02 00:00:00+00:00,Fire,0,TX
04005,2018-04-27 00:00:00+00:00,Fire,0,AZ
48179,2018-04-17 00:00:00+00:00,Fire,0,TX
48253,2018-04-13 00:00:00+00:00,Fire,0,TX
40043,2018-04-11 00:00:00+00:00,Fire,0,OK
40153,2018-04-11 00:00:00+00:00,Fire,0,OK
40125,2018-03-16 00:00:00+00:00,Fire,0,OK
46033,2017-12-12 00:00:00+00:00,Fire,0,SD
06073,2017-12-07 00:00:00+00:00,Fire,0,CA
06037,2017-12-06 00:00:00+00:00,Fire,0,CA
06037,2017-12-05 00:00:00+00:00,Fire,0,CA
06083,2017-12-04 00:00:00+00:00,Fire,0,CA
06111,2017-12-04 00:00:00+00:00,Fire,0,CA
06055,2017-10-09 00:00:00+00:00,Fire,0,CA
06097,2017-10-09 00:00:00+00:00,Fire,0,CA
06033,2017-10-09 00:00:00+00:00,Fire,0,CA
06097,2017-10-08 00:00:00+00:00,Fire,0,CA
06045,2017-10-09 00:00:00+00:00,Fire,0,CA
06007,2017-10-09 00:00:00+00:00,Fire,0,CA
06057,2017-10-09 00:00:00+00:00,Fire,0,CA
06007,2017-10-08 00:00:00+00:00,Fire,0,CA
06115,2017-10-08 00:00:00+00:00,Fire,0,CA
06055,2017-10-08 00:00:00+00:00,Fire,0,CA
06097,2017-10-08 00:00:00+00:00,Fire,0,CA
06055,2017-10-09 00:00:00+00:00,Fire,0,CA
06095,2017-10-09 00:00:00+00:00,Fire,0,CA
30000,2017-09-11 00:00:00+00:00,Fire,0,MT
30073,2017-09-11 00:00:00+00:00,Fire,0,MT
30099,2017-09-11 00:00:00+00:00,Fire,0,MT
30053,2017-09-09 00:00:00+00:00,Fire,0,MT
30089,2017-09-09 00:00:00+00:00,Fire,0,MT
30089,2017-09-09 00:00:00+00:00,Fire,0,MT
30053,2017-09-09 00:00:00+00:00,Fire,0,MT
30049,2017-09-08 00:00:00+00:00,Fire,0,MT
30063,2017-08-28 00:00:00+00:00,Fire,0,MT
30077,2017-08-28 00:00:00+00:00,Fire,0,MT
49011,2017-09-05 00:00:00+00:00,Fire,0,UT
49057,2017-09-05 00:00:00+00:00,Fire,0,UT
06107,2017-08-29 00:00:00+00:00,Fire,0,CA
41027,2017-09-02 00:00:00+00:00,Fire,0,OR
41051,2017-09-02 00:00:00+00:00,Fire,0,OR
53037,2017-09-02 00:00:00+00:00,Fire,0,WA
06105,2017-08-30 00:00:00+00:00,Fire,0,CA
41015,2017-08-19 00:00:00+00:00,Fire,0,OR
30063,2017-08-17 00:00:00+00:00,Fire,0,MT
30081,2017-08-17 00:00:00+00:00,Fire,0,MT
41017,2017-08-16 00:00:00+00:00,Fire,0,OR
41035,2017-08-03 00:00:00+00:00,Fire,0,OR
30033,2017-07-20 00:00:00+00:00,Fire,0,MT
30069,2017-07-20 00:00:00+00:00,Fire,0,MT
32005,2017-07-24 00:00:00+00:00,Fire,0,NV
06043,2017-07-16 00:00:00+00:00,Fire,0,CA
32007,2017-07-17 00:00:00+00:00,Fire,0,NV
32031,2017-07-14 00:00:00+00:00,Fire,0,NV
06007,2017-07-07 00:00:00+00:00,Fire,0,CA
04021,2017-07-07 00:00:00+00:00,Fire,0,AZ
53077,2017-06-27 00:00:00+00:00,Fire,0,WA
04025,2017-06-24 00:00:00+00:00,Fire,0,AZ
49021,2017-06-17 00:00:00+00:00,Fire,0,UT
35043,2017-06-15 00:00:00+00:00,Fire,0,NM
04003,2017-06-07 00:00:00+00:00,Fire,0,AZ
53007,2017-05-23 00:00:00+00:00,Fire,0,WA
13049,2017-05-06 00:00:00+00:00,Fire,0,GA
13065,2017-05-06 00:00:00+00:00,Fire,0,GA
13299,2017-05-06 00:00:00+00:00,Fire,0,GA
12105,2017-04-21 00:00:00+00:00,Fire,0,FL
12071,2017-04-21 00:00:00+00:00,Fire,0,FL
40007,2017-03-06 00:00:00+00:00,Fire,0,OK
40045,2017-03-06 00:00:00+00:00,Fire,0,OK
40059,2017-03-06 00:00:00+00:00,Fire,0,OK
40151,2017-03-06 00:00:00+00:00,Fire,0,OK
40153,2017-03-06 00:00:00+00:00,Fire,0,OK
20033,2017-03-04 00:00:00+00:00,Fire,0,KS
20163,2017-03-04 00:00:00+00:00,Fire,0,KS
20135,2017-03-04 00:00:00+00:00,Fire,0,KS
20057,2017-03-04 00:00:00+00:00,Fire,0,KS
20053,2017-03-04 00:00:00+00:00,Fire,0,KS
20105,2017-03-04 00:00:00+00:00,Fire,0,KS
20167,2017-03-04 00:00:00+00:00,Fire,0,KS
20025,2017-03-04 00:00:00+00:00,Fire,0,KS
37149,2025-03-19 00:00:00+00:00,Fire,0,NC
40145,2017-02-23 00:00:00+00:00,Fire,0,OK
20207,2025-03-14 00:00:00+00:00,Fire,0,KS
47155,2016-11-28 00:00:00+00:00,Fire,0,TN
21095,2016-11-18 00:00:00+00:00,Fire,0,KY
21121,2016-11-18 00:00:00+00:00,Fire,0,KY
21133,2016-11-18 00:00:00+00:00,Fire,0,KY
21195,2016-11-18 00:00:00+00:00,Fire,0,KY
47009,2016-11-17 00:00:00+00:00,Fire,0,TN
37023,2016-11-19 00:00:00+00:00,Fire,0,NC
13083,2016-11-13 00:00:00+00:00,Fire,0,GA
37175,2025-03-26 00:00:00+00:00,Fire,0,NC
47007,2016-11-11 00:00:00+00:00,Fire,0,TN
47065,2016-11-11 00:00:00+00:00,Fire,0,TN
47153,2016-11-11 00:00:00+00:00,Fire,0,TN
47065,2016-11-05 00:00:00+00:00,Fire,0,TN
21025,2016-11-08 00:00:00+00:00,Fire,0,KY
08027,2016-10-17 00:00:00+00:00,Fire,0,CO
08101,2016-10-17 00:00:00+00:00,Fire,0,CO
32031,2016-10-14 00:00:00+00:00,Fire,0,NV
08101,2016-10-04 00:00:00+00:00,Fire,0,CO
32005,2016-10-02 00:00:00+00:00,Fire,0,NV
41033,2016-08-30 00:00:00+00:00,Fire,0,OR
53007,2016-08-27 00:00:00+00:00,Fire,0,WA
16019,2016-08-21 00:00:00+00:00,Fire,0,ID
53063,2016-08-21 00:00:00+00:00,Fire,0,WA
53063,2016-08-21 00:00:00+00:00,Fire,0,WA
06071,2016-08-16 00:00:00+00:00,Fire,0,CA
06079,2016-08-13 00:00:00+00:00,Fire,0,CA
30081,2016-08-01 00:00:00+00:00,Fire,0,MT
53005,2016-07-31 00:00:00+00:00,Fire,0,WA
32031,2016-07-29 00:00:00+00:00,Fire,0,NV
06019,2016-07-30 00:00:00+00:00,Fire,0,CA
56041,2016-07-28 00:00:00+00:00,Fire,0,WY
32031,2016-07-29 00:00:00+00:00,Fire,0,NV
56013,2016-07-25 00:00:00+00:00,Fire,0,WY
35035,2016-07-13 00:00:00+00:00,Fire,0,NM
08000,2016-07-09 00:00:00+00:00,Fire,0,CO
06037,2016-07-09 00:00:00+00:00,Fire,0,CA
06029,2016-06-23 00:00:00+00:00,Fire,0,CA
49053,2016-06-21 00:00:00+00:00,Fire,0,UT
06037,2016-06-20 00:00:00+00:00,Fire,0,CA
35001,2016-06-14 00:00:00+00:00,Fire,0,NM
35057,2016-06-14 00:00:00+00:00,Fire,0,NM
41031,2016-06-07 00:00:00+00:00,Fire,0,OR
04025,2016-06-08 00:00:00+00:00,Fire,0,AZ
33005,2016-04-21 00:00:00+00:00,Fire,0,NH
40153,2016-04-05 00:00:00+00:00,Fire,0,OK
20197,2016-04-05 00:00:00+00:00,Fire,0,KS
20007,2016-03-23 00:00:00+00:00,Fire,0,KS
20033,2016-03-23 00:00:00+00:00,Fire,0,KS
40117,2016-02-18 00:00:00+00:00,Fire,0,OK
40037,2016-01-29 00:00:00+00:00,Fire,0,OK
40105,2015-11-11 00:00:00+00:00,Fire,0,OK
40147,2015-11-11 00:00:00+00:00,Fire,0,OK
48021,2015-10-13 00:00:00+00:00,Fire,0,TX
56025,2015-10-11 00:00:00+00:00,Fire,0,WY
41001,2015-09-13 00:00:00+00:00,Fire,0,OR
53039,2015-09-13 00:00:00+00:00,Fire,0,WA
06005,2015-09-09 00:00:00+00:00,Fire,0,CA
06009,2015-09-09 00:00:00+00:00,Fire,0,CA
16049,2015-08-29 00:00:00+00:00,Fire,0,ID
53057,2015-08-19 00:00:00+00:00,Fire,0,WA
53073,2015-08-19 00:00:00+00:00,Fire,0,WA
53019,2015-08-21 00:00:00+00:00,Fire,0,WA
53065,2015-08-21 00:00:00+00:00,Fire,0,WA
41063,2015-08-20 00:00:00+00:00,Fire,0,OR
53047,2015-08-19 00:00:00+00:00,Fire,0,WA
16035,2015-08-14 00:00:00+00:00,Fire,0,ID
53019,2015-08-14 00:00:00+00:00,Fire,0,WA
53047,2015-08-14 00:00:00+00:00,Fire,0,WA
53065,2015-08-14 00:00:00+00:00,Fire,0,WA
41023,2015-08-14 00:00:00+00:00,Fire,0,OR
53019,2015-08-14 00:00:00+00:00,Fire,0,WA
53007,2015-08-14 00:00:00+00:00,Fire,0,WA
53017,2015-08-14 00:00:00+00:00,Fire,0,WA
53047,2015-08-14 00:00:00+00:00,Fire,0,WA
16049,2015-08-10 00:00:00+00:00,Fire,0,ID
16061,2015-08-10 00:00:00+00:00,Fire,0,ID
53047,2015-08-13 00:00:00+00:00,Fire,0,WA
41001,2015-08-11 00:00:00+00:00,Fire,0,OR
41033,2015-08-08 00:00:00+00:00,Fire,0,OR
04015,2015-08-08 00:00:00+00:00,Fire,0,AZ
53039,2015-08-04 00:00:00+00:00,Fire,0,WA
06033,2015-07-29 00:00:00+00:00,Fire,0,CA
41019,2015-07-30 00:00:00+00:00,Fire,0,OR
53071,2015-07-20 00:00:00+00:00,Fire,0,WA
06071,2015-07-17 00:00:00+00:00,Fire,0,CA
16017,2015-07-05 00:00:00+00:00,Fire,0,ID
16055,2015-07-05 00:00:00+00:00,Fire,0,ID
53007,2015-06-28 00:00:00+00:00,Fire,0,WA
04021,2015-06-17 00:00:00+00:00,Fire,0,AZ
02122,2015-06-15 00:00:00+00:00,Fire,0,AK
02170,2015-06-15 00:00:00+00:00,Fire,0,AK
04005,2014-05-20 00:00:00+00:00,Fire,0,AZ
06061,2014-10-08 00:00:00+00:00,Fire,0,CA
06017,2014-09-13 00:00:00+00:00,Fire,0,CA
41005,2014-09-15 00:00:00+00:00,Fire,0,OR
06093,2014-09-15 00:00:00+00:00,Fire,0,CA
06039,2014-09-14 00:00:00+00:00,Fire,0,CA
06043,2014-09-05 00:00:00+00:00,Fire,0,CA
06105,2014-08-24 00:00:00+00:00,Fire,0,CA
06029,2014-08-18 00:00:00+00:00,Fire,0,CA
06039,2014-08-18 00:00:00+00:00,Fire,0,CA
41065,2014-08-05 00:00:00+00:00,Fire,0,OR
53007,2014-08-05 00:00:00+00:00,Fire,0,WA
53037,2014-08-02 00:00:00+00:00,Fire,0,WA
06049,2014-08-01 00:00:00+00:00,Fire,0,CA
06035,2014-08-02 00:00:00+00:00,Fire,0,CA
06089,2014-08-02 00:00:00+00:00,Fire,0,CA
06093,2014-08-01 00:00:00+00:00,Fire,0,CA
06089,2014-08-01 00:00:00+00:00,Fire,0,CA
41029,2014-07-31 00:00:00+00:00,Fire,0,OR
41035,2014-07-31 00:00:00+00:00,Fire,0,OR
49045,2014-07-21 00:00:00+00:00,Fire,0,UT
53037,2014-07-19 00:00:00+00:00,Fire,0,WA
53043,2014-07-19 00:00:00+00:00,Fire,0,WA
53063,2014-07-19 00:00:00+00:00,Fire,0,WA
53047,2014-07-15 00:00:00+00:00,Fire,0,WA
53007,2014-07-15 00:00:00+00:00,Fire,0,WA
41035,2014-07-13 00:00:00+00:00,Fire,0,OR
53007,2014-07-10 00:00:00+00:00,Fire,0,WA
53065,2014-07-09 00:00:00+00:00,Fire,0,WA
06055,2014-07-01 00:00:00+00:00,Fire,0,CA
41017,2014-06-07 00:00:00+00:00,Fire,0,OR
06073,2014-05-14 00:00:00+00:00,Fire,0,CA
06073,2014-05-14 00:00:00+00:00,Fire,0,CA
48233,2014-05-11 00:00:00+00:00,Fire,0,TX
40083,2014-05-05 00:00:00+00:00,Fire,0,OK
06037,2014-01-16 00:00:00+00:00,Fire,0,CA
06089,2013-09-09 00:00:00+00:00,Fire,0,CA
06043,2013-08-20 00:00:00+00:00,Fire,0,CA
06109,2013-08-20 00:00:00+00:00,Fire,0,CA
53007,2013-08-20 00:00:00+00:00,Fire,0,WA
30063,2013-08-18 00:00:00+00:00,Fire,0,MT
41027,2013-08-17 00:00:00+00:00,Fire,0,OR
41065,2013-08-17 00:00:00+00:00,Fire,0,OR
16013,2013-08-15 00:00:00+00:00,Fire,0,ID
16025,2013-08-15 00:00:00+00:00,Fire,0,ID
49043,2013-08-13 00:00:00+00:00,Fire,0,UT
16039,2013-08-12 00:00:00+00:00,Fire,0,ID
53007,2013-08-10 00:00:00+00:00,Fire,0,WA
06065,2013-08-07 00:00:00+00:00,Fire,0,CA
06065,2013-08-05 00:00:00+00:00,Fire,0,CA
41033,2013-07-28 00:00:00+00:00,Fire,0,OR
53007,2013-07-27 00:00:00+00:00,Fire,0,WA
53037,2013-07-27 00:00:00+00:00,Fire,0,WA
41019,2013-07-27 00:00:00+00:00,Fire,0,OR
41033,2013-07-27 00:00:00+00:00,Fire,0,OR
41033,2013-07-19 00:00:00+00:00,Fire,0,OR
30061,2013-07-18 00:00:00+00:00,Fire,0,MT
32003,2013-07-04 00:00:00+00:00,Fire,0,NV
04015,2013-07-01 00:00:00+00:00,Fire,0,AZ
04025,2013-06-30 00:00:00+00:00,Fire,0,AZ
08079,2013-06-21 00:00:00+00:00,Fire,0,CO
08105,2013-06-21 00:00:00+00:00,Fire,0,CO
08055,2013-06-19 00:00:00+00:00,Fire,0,CO
04025,2013-06-18 00:00:00+00:00,Fire,0,AZ
08043,2013-06-11 00:00:00+00:00,Fire,0,CO
08041,2013-06-11 00:00:00+00:00,Fire,0,CO
35047,2013-05-30 00:00:00+00:00,Fire,0,NM
06037,2013-05-31 00:00:00+00:00,Fire,0,CA
06111,2013-05-02 00:00:00+00:00,Fire,0,CA
06065,2013-05-01 00:00:00+00:00,Fire,0,CA
08027,2012-10-23 00:00:00+00:00,Fire,0,CO
08101,2012-10-23 00:00:00+00:00,Fire,0,CO
06000,2012-09-23 00:00:00+00:00,Fire,0,CA
06073,2012-09-23 00:00:00+00:00,Fire,0,CA
53007,2012-09-19 00:00:00+00:00,Fire,0,WA
53037,2012-09-19 00:00:00+00:00,Fire,0,WA
16015,2012-09-18 00:00:00+00:00,Fire,0,ID
53007,2012-09-12 00:00:00+00:00,Fire,0,WA
53007,2012-09-12 00:00:00+00:00,Fire,0,WA
30081,2012-09-10 00:00:00+00:00,Fire,0,MT
53007,2012-09-10 00:00:00+00:00,Fire,0,WA
56025,2012-09-09 00:00:00+00:00,Fire,0,WY
53017,2012-09-09 00:00:00+00:00,Fire,0,WA
53025,2012-09-09 00:00:00+00:00,Fire,0,WA
53007,2012-09-09 00:00:00+00:00,Fire,0,WA
53039,2012-09-05 00:00:00+00:00,Fire,0,WA
46113,2012-08-31 00:00:00+00:00,Fire,0,SD
31045,2012-08-30 00:00:00+00:00,Fire,0,NE
31161,2012-08-30 00:00:00+00:00,Fire,0,NE
31165,2012-08-30 00:00:00+00:00,Fire,0,NE
30043,2012-08-28 00:00:00+00:00,Fire,0,MT
06089,2012-08-18 00:00:00+00:00,Fire,0,CA
06103,2012-08-18 00:00:00+00:00,Fire,0,CA
16039,2012-08-15 00:00:00+00:00,Fire,0,ID
53037,2012-08-13 00:00:00+00:00,Fire,0,WA
06033,2012-08-12 00:00:00+00:00,Fire,0,CA
40037,2012-08-04 00:00:00+00:00,Fire,0,OK
40119,2012-08-04 00:00:00+00:00,Fire,0,OK
40119,2012-08-04 00:00:00+00:00,Fire,0,OK
40109,2012-08-03 00:00:00+00:00,Fire,0,OK
40037,2012-08-03 00:00:00+00:00,Fire,0,OK
30063,2024-07-24 00:00:00+00:00,Straight-Line Winds,1,MT
30077,2024-07-24 00:00:00+00:00,Straight-Line Winds,1,MT
01071,1973-05-29 00:00:00+00:00,Flood,1,AL
54005,2025-02-15 00:00:00+00:00,Severe Storm,1,WV
54081,2025-02-15 00:00:00+00:00,Severe Storm,1,WV
48407,2025-03-19 00:00:00+00:00,Fire,0,TX
48233,2025-03-18 00:00:00+00:00,Fire,0,TX
48171,2025-03-15 00:00:00+00:00,Fire,0,TX
48179,2025-03-14 00:00:00+00:00,Fire,0,TX
04000,2024-07-10 00:00:00+00:00,Fire,0,AZ
04021,2024-07-09 00:00:00+00:00,Fire,0,AZ
04013,2024-06-27 00:00:00+00:00,Fire,0,AZ
04013,2024-06-12 00:00:00+00:00,Fire,0,AZ
04021,2024-05-28 00:00:00+00:00,Fire,0,AZ
40000,2024-03-14 00:00:00+00:00,Severe Storm,1,OK
13007,2015-12-22 00:00:00+00:00,Severe Storm,1,GA
13045,2015-12-22 00:00:00+00:00,Severe Storm,1,GA
13053,2015-12-22 00:00:00+00:00,Severe Storm,1,GA
13079,2015-12-22 00:00:00+00:00,Severe Storm,1,GA
13083,2015-12-22 00:00:00+00:00,Severe Storm,1,GA
13087,2015-12-22 00:00:00+00:00,Severe Storm,1,GA
13097,2015-12-22 00:00:00+00:00,Severe Storm,1,GA
48001,2024-07-05 00:00:00+00:00,Hurricane,1,TX
48005,2024-07-05 00:00:00+00:00,Hurricane,1,TX
48007,2024-07-05 00:00:00+00:00,Hurricane,1,TX
48041,2024-07-05 00:00:00+00:00,Hurricane,1,TX
48051,2024-07-05 00:00:00+00:00,Hurricane,1,TX
48057,2024-07-05 00:00:00+00:00,Hurricane,1,TX
48061,2024-07-05 00:00:00+00:00,Hurricane,1,TX
48063,2024-07-05 00:00:00+00:00,Hurricane,1,TX
48067,2024-07-05 00:00:00+00:00,Hurricane,1,TX
48073,2024-07-05 00:00:00+00:00,Hurricane,1,TX
48089,2024-07-05 00:00:00+00:00,Hurricane,1,TX
48123,2024-07-05 00:00:00+00:00,Hurricane,1,TX
48149,2024-07-05 00:00:00+00:00,Hurricane,1,TX
48161,2024-07-05 00:00:00+00:00,Hurricane,1,TX
48175,2024-07-05 00:00:00+00:00,Hurricane,1,TX
48183,2024-07-05 00:00:00+00:00,Hurricane,1,TX
48185,2024-07-05 00:00:00+00:00,Hurricane,1,TX
48199,2024-07-05 00:00:00+00:00,Hurricane,1,TX
48203,2024-07-05 00:00:00+00:00,Hurricane,1,TX
48215,2024-07-05 00:00:00+00:00,Hurricane,1,TX
48225,2024-07-05 00:00:00+00:00,Hurricane,1,TX
48261,2024-07-05 00:00:00+00:00,Hurricane,1,TX
48273,2024-07-05 00:00:00+00:00,Hurricane,1,TX
48285,2024-07-05 00:00:00+00:00,Hurricane,1,TX
48287,2024-07-05 00:00:00+00:00,Hurricane,1,TX
48289,2024-07-05 00:00:00+00:00,Hurricane,1,TX
48313,2024-07-05 00:00:00+00:00,Hurricane,1,TX
48315,2024-07-05 00:00:00+00:00,Hurricane,1,TX
48331,2024-07-05 00:00:00+00:00,Hurricane,1,TX
48343,2024-07-05 00:00:00+00:00,Hurricane,1,TX
48351,2024-07-05 00:00:00+00:00,Hurricane,1,TX
48355,2024-07-05 00:00:00+00:00,Hurricane,1,TX
48365,2024-07-05 00:00:00+00:00,Hurricane,1,TX
48391,2024-07-05 00:00:00+00:00,Hurricane,1,TX
48395,2024-07-05 00:00:00+00:00,Hurricane,1,TX
48401,2024-07-05 00:00:00+00:00,Hurricane,1,TX
48403,2024-07-05 00:00:00+00:00,Hurricane,1,TX
48405,2024-07-05 00:00:00+00:00,Hurricane,1,TX
48409,2024-07-05 00:00:00+00:00,Hurricane,1,TX
48457,2024-07-05 00:00:00+00:00,Hurricane,1,TX
48459,2024-07-05 00:00:00+00:00,Hurricane,1,TX
48469,2024-07-05 00:00:00+00:00,Hurricane,1,TX
48477,2024-07-05 00:00:00+00:00,Hurricane,1,TX
48479,2024-07-05 00:00:00+00:00,Hurricane,1,TX
48489,2024-07-05 00:00:00+00:00,Hurricane,1,TX
48015,2024-07-05 00:00:00+00:00,Hurricane,1,TX
48037,2024-07-05 00:00:00+00:00,Hurricane,1,TX
48039,2024-07-05 00:00:00+00:00,Hurricane,1,TX
48071,2024-07-05 00:00:00+00:00,Hurricane,1,TX
48157,2024-07-05 00:00:00+00:00,Hurricane,1,TX
48167,2024-07-05 00:00:00+00:00,Hurricane,1,TX
48201,2024-07-05 00:00:00+00:00,Hurricane,1,TX
48239,2024-07-05 00:00:00+00:00,Hurricane,1,TX
48241,2024-07-05 00:00:00+00:00,Hurricane,1,TX
48245,2024-07-05 00:00:00+00:00,Hurricane,1,TX
48291,2024-07-05 00:00:00+00:00,Hurricane,1,TX
48321,2024-07-05 00:00:00+00:00,Hurricane,1,TX
48339,2024-07-05 00:00:00+00:00,Hurricane,1,TX
48347,2024-07-05 00:00:00+00:00,Hurricane,1,TX
48361,2024-07-05 00:00:00+00:00,Hurricane,1,TX
48373,2024-07-05 00:00:00+00:00,Hurricane,1,TX
48407,2024-07-05 00:00:00+00:00,Hurricane,1,TX
48419,2024-07-05 00:00:00+00:00,Hurricane,1,TX
48455,2024-07-05 00:00:00+00:00,Hurricane,1,TX
48471,2024-07-05 00:00:00+00:00,Hurricane,1,TX
48473,2024-07-05 00:00:00+00:00,Hurricane,1,TX
48481,2024-07-05 00:00:00+00:00,Hurricane,1,TX
13111,2015-12-22 00:00:00+00:00,Severe Storm,1,GA
13113,2015-12-22 00:00:00+00:00,Severe Storm,1,GA
13123,2015-12-22 00:00:00+00:00,Severe Storm,1,GA
13133,2015-12-22 00:00:00+00:00,Severe Storm,1,GA
13143,2015-12-22 00:00:00+00:00,Severe Storm,1,GA
13145,2015-12-22 00:00:00+00:00,Severe Storm,1,GA
13161,2015-12-22 00:00:00+00:00,Severe Storm,1,GA
13171,2015-12-22 00:00:00+00:00,Severe Storm,1,GA
13193,2015-12-22 00:00:00+00:00,Severe Storm,1,GA
13197,2015-12-22 00:00:00+00:00,Severe Storm,1,GA
13199,2015-12-22 00:00:00+00:00,Severe Storm,1,GA
13209,2015-12-22 00:00:00+00:00,Severe Storm,1,GA
13211,2015-12-22 00:00:00+00:00,Severe Storm,1,GA
13215,2015-12-22 00:00:00+00:00,Severe Storm,1,GA
13217,2015-12-22 00:00:00+00:00,Severe Storm,1,GA
13221,2015-12-22 00:00:00+00:00,Severe Storm,1,GA
13227,2015-12-22 00:00:00+00:00,Severe Storm,1,GA
13259,2015-12-22 00:00:00+00:00,Severe Storm,1,GA
13263,2015-12-22 00:00:00+00:00,Severe Storm,1,GA
13265,2015-12-22 00:00:00+00:00,Severe Storm,1,GA
13269,2015-12-22 00:00:00+00:00,Severe Storm,1,GA
13281,2015-12-22 00:00:00+00:00,Severe Storm,1,GA
13285,2015-12-22 00:00:00+00:00,Severe Storm,1,GA
13291,2015-12-22 00:00:00+00:00,Severe Storm,1,GA
13293,2015-12-22 00:00:00+00:00,Severe Storm,1,GA
13307,2015-12-22 00:00:00+00:00,Severe Storm,1,GA
13317,2015-12-22 00:00:00+00:00,Severe Storm,1,GA
35000,2020-01-20 00:00:00+00:00,Biological,0,NM
35000,2020-01-20 00:00:00+00:00,Biological,0,NM
35000,2020-01-20 00:00:00+00:00,Biological,0,NM
35000,2024-06-17 00:00:00+00:00,Fire,1,NM
35027,2024-06-17 00:00:00+00:00,Fire,1,NM
35035,2024-06-17 00:00:00+00:00,Fire,1,NM
35039,2024-06-17 00:00:00+00:00,Fire,1,NM
35045,2024-06-17 00:00:00+00:00,Fire,1,NM
31007,2024-04-06 00:00:00+00:00,Severe Storm,1,NE
31033,2024-04-06 00:00:00+00:00,Severe Storm,1,NE
31045,2024-04-06 00:00:00+00:00,Severe Storm,1,NE
31069,2024-04-06 00:00:00+00:00,Severe Storm,1,NE
31105,2024-04-06 00:00:00+00:00,Severe Storm,1,NE
31123,2024-04-06 00:00:00+00:00,Severe Storm,1,NE
31157,2024-04-06 00:00:00+00:00,Severe Storm,1,NE
31165,2024-04-06 00:00:00+00:00,Severe Storm,1,NE
23005,2024-04-03 00:00:00+00:00,Winter Storm,1,ME
23031,2024-04-03 00:00:00+00:00,Winter Storm,1,ME
48017,2024-04-26 00:00:00+00:00,Flood,1,TX
48023,2024-04-26 00:00:00+00:00,Flood,1,TX
48031,2024-04-26 00:00:00+00:00,Flood,1,TX
48035,2024-04-26 00:00:00+00:00,Flood,1,TX
48037,2024-04-26 00:00:00+00:00,Flood,1,TX
48049,2024-04-26 00:00:00+00:00,Flood,1,TX
48055,2024-04-26 00:00:00+00:00,Flood,1,TX
48067,2024-04-26 00:00:00+00:00,Flood,1,TX
48073,2024-04-26 00:00:00+00:00,Flood,1,TX
48077,2024-04-26 00:00:00+00:00,Flood,1,TX
48079,2024-04-26 00:00:00+00:00,Flood,1,TX
48081,2024-04-26 00:00:00+00:00,Flood,1,TX
48083,2024-04-26 00:00:00+00:00,Flood,1,TX
48095,2024-04-26 00:00:00+00:00,Flood,1,TX
48119,2024-04-26 00:00:00+00:00,Flood,1,TX
48147,2024-04-26 00:00:00+00:00,Flood,1,TX
48161,2024-04-26 00:00:00+00:00,Flood,1,TX
48177,2024-04-26 00:00:00+00:00,Flood,1,TX
48185,2024-04-26 00:00:00+00:00,Flood,1,TX
48193,2024-04-26 00:00:00+00:00,Flood,1,TX
48209,2024-04-26 00:00:00+00:00,Flood,1,TX
48217,2024-04-26 00:00:00+00:00,Flood,1,TX
48223,2024-04-26 00:00:00+00:00,Flood,1,TX
48225,2024-04-26 00:00:00+00:00,Flood,1,TX
48281,2024-04-26 00:00:00+00:00,Flood,1,TX
48287,2024-04-26 00:00:00+00:00,Flood,1,TX
48293,2024-04-26 00:00:00+00:00,Flood,1,TX
48305,2024-04-26 00:00:00+00:00,Flood,1,TX
48307,2024-04-26 00:00:00+00:00,Flood,1,TX
48313,2024-04-26 00:00:00+00:00,Flood,1,TX
48331,2024-04-26 00:00:00+00:00,Flood,1,TX
48333,2024-04-26 00:00:00+00:00,Flood,1,TX
48343,2024-04-26 00:00:00+00:00,Flood,1,TX
48379,2024-04-26 00:00:00+00:00,Flood,1,TX
48387,2024-04-26 00:00:00+00:00,Flood,1,TX
48395,2024-04-26 00:00:00+00:00,Flood,1,TX
48397,2024-04-26 00:00:00+00:00,Flood,1,TX
48405,2024-04-26 00:00:00+00:00,Flood,1,TX
48411,2024-04-26 00:00:00+00:00,Flood,1,TX
48419,2024-04-26 00:00:00+00:00,Flood,1,TX
48431,2024-04-26 00:00:00+00:00,Flood,1,TX
48449,2024-04-26 00:00:00+00:00,Flood,1,TX
48477,2024-04-26 00:00:00+00:00,Flood,1,TX
48253,2024-04-26 00:00:00+00:00,Flood,1,TX
48001,2024-04-26 00:00:00+00:00,Flood,1,TX
48015,2024-04-26 00:00:00+00:00,Flood,1,TX
48027,2024-04-26 00:00:00+00:00,Flood,1,TX
48057,2024-04-26 00:00:00+00:00,Flood,1,TX
48085,2024-04-26 00:00:00+00:00,Flood,1,TX
48097,2024-04-26 00:00:00+00:00,Flood,1,TX
48099,2024-04-26 00:00:00+00:00,Flood,1,TX
48113,2024-04-26 00:00:00+00:00,Flood,1,TX
48121,2024-04-26 00:00:00+00:00,Flood,1,TX
48133,2024-04-26 00:00:00+00:00,Flood,1,TX
48139,2024-04-26 00:00:00+00:00,Flood,1,TX
48145,2024-04-26 00:00:00+00:00,Flood,1,TX
48187,2024-04-26 00:00:00+00:00,Flood,1,TX
48199,2024-04-26 00:00:00+00:00,Flood,1,TX
48201,2024-04-26 00:00:00+00:00,Flood,1,TX
48213,2024-04-26 00:00:00+00:00,Flood,1,TX
48219,2024-04-26 00:00:00+00:00,Flood,1,TX
48241,2024-04-26 00:00:00+00:00,Flood,1,TX
48257,2024-04-26 00:00:00+00:00,Flood,1,TX
48277,2024-04-26 00:00:00+00:00,Flood,1,TX
48289,2024-04-26 00:00:00+00:00,Flood,1,TX
48291,2024-04-26 00:00:00+00:00,Flood,1,TX
48337,2024-04-26 00:00:00+00:00,Flood,1,TX
48339,2024-04-26 00:00:00+00:00,Flood,1,TX
48347,2024-04-26 00:00:00+00:00,Flood,1,TX
48349,2024-04-26 00:00:00+00:00,Flood,1,TX
48351,2024-04-26 00:00:00+00:00,Flood,1,TX
48365,2024-04-26 00:00:00+00:00,Flood,1,TX
48373,2024-04-26 00:00:00+00:00,Flood,1,TX
48401,2024-04-26 00:00:00+00:00,Flood,1,TX
48403,2024-04-26 00:00:00+00:00,Flood,1,TX
48407,2024-04-26 00:00:00+00:00,Flood,1,TX
48423,2024-04-26 00:00:00+00:00,Flood,1,TX
48443,2024-04-26 00:00:00+00:00,Flood,1,TX
48455,2024-04-26 00:00:00+00:00,Flood,1,TX
48457,2024-04-26 00:00:00+00:00,Flood,1,TX
48467,2024-04-26 00:00:00+00:00,Flood,1,TX
48471,2024-04-26 00:00:00+00:00,Flood,1,TX
48473,2024-04-26 00:00:00+00:00,Flood,1,TX
19047,2024-04-26 00:00:00+00:00,Tornado,1,IA
19129,2024-04-26 00:00:00+00:00,Tornado,1,IA
19153,2024-04-26 00:00:00+00:00,Tornado,1,IA
19039,2024-04-26 00:00:00+00:00,Tornado,1,IA
19085,2024-04-26 00:00:00+00:00,Tornado,1,IA
19155,2024-04-26 00:00:00+00:00,Tornado,1,IA
19159,2024-04-26 00:00:00+00:00,Tornado,1,IA
19165,2024-04-26 00:00:00+00:00,Tornado,1,IA
19175,2024-04-26 00:00:00+00:00,Tornado,1,IA
31011,2024-04-25 00:00:00+00:00,Tornado,1,NE
31077,2024-04-25 00:00:00+00:00,Tornado,1,NE
31093,2024-04-25 00:00:00+00:00,Tornado,1,NE
31163,2024-04-25 00:00:00+00:00,Tornado,1,NE
31055,2024-04-25 00:00:00+00:00,Tornado,1,NE
31177,2024-04-25 00:00:00+00:00,Tornado,1,NE
39011,2024-03-14 00:00:00+00:00,Tornado,1,OH
39033,2024-03-14 00:00:00+00:00,Tornado,1,OH
39037,2024-03-14 00:00:00+00:00,Tornado,1,OH
39041,2024-03-14 00:00:00+00:00,Tornado,1,OH
39063,2024-03-14 00:00:00+00:00,Tornado,1,OH
39089,2024-03-14 00:00:00+00:00,Tornado,1,OH
39091,2024-03-14 00:00:00+00:00,Tornado,1,OH
39107,2024-03-14 00:00:00+00:00,Tornado,1,OH
39109,2024-03-14 00:00:00+00:00,Tornado,1,OH
39139,2024-03-14 00:00:00+00:00,Tornado,1,OH
39159,2024-03-14 00:00:00+00:00,Tornado,1,OH
53000,2024-01-05 00:00:00+00:00,Severe Storm,1,WA
53009,2024-01-05 00:00:00+00:00,Severe Storm,1,WA
53011,2024-01-05 00:00:00+00:00,Severe Storm,1,WA
53015,2024-01-05 00:00:00+00:00,Severe Storm,1,WA
53019,2024-01-05 00:00:00+00:00,Severe Storm,1,WA
53027,2024-01-05 00:00:00+00:00,Severe Storm,1,WA
53029,2024-01-05 00:00:00+00:00,Severe Storm,1,WA
53031,2024-01-05 00:00:00+00:00,Severe Storm,1,WA
53033,2024-01-05 00:00:00+00:00,Severe Storm,1,WA
53039,2024-01-05 00:00:00+00:00,Severe Storm,1,WA
53041,2024-01-05 00:00:00+00:00,Severe Storm,1,WA
53045,2024-01-05 00:00:00+00:00,Severe Storm,1,WA
53047,2024-01-05 00:00:00+00:00,Severe Storm,1,WA
53049,2024-01-05 00:00:00+00:00,Severe Storm,1,WA
53057,2024-01-05 00:00:00+00:00,Severe Storm,1,WA
53059,2024-01-05 00:00:00+00:00,Severe Storm,1,WA
53069,2024-01-05 00:00:00+00:00,Severe Storm,1,WA
20015,2024-01-08 00:00:00+00:00,Winter Storm,1,KS
20017,2024-01-08 00:00:00+00:00,Winter Storm,1,KS
20029,2024-01-08 00:00:00+00:00,Winter Storm,1,KS
20047,2024-01-08 00:00:00+00:00,Winter Storm,1,KS
20057,2024-01-08 00:00:00+00:00,Winter Storm,1,KS
20061,2024-01-08 00:00:00+00:00,Winter Storm,1,KS
20069,2024-01-08 00:00:00+00:00,Winter Storm,1,KS
20083,2024-01-08 00:00:00+00:00,Winter Storm,1,KS
20115,2024-01-08 00:00:00+00:00,Winter Storm,1,KS
20127,2024-01-08 00:00:00+00:00,Winter Storm,1,KS
20139,2024-01-08 00:00:00+00:00,Winter Storm,1,KS
20143,2024-01-08 00:00:00+00:00,Winter Storm,1,KS
20145,2024-01-08 00:00:00+00:00,Winter Storm,1,KS
20177,2024-01-08 00:00:00+00:00,Winter Storm,1,KS
20185,2024-01-08 00:00:00+00:00,Winter Storm,1,KS
20195,2024-01-08 00:00:00+00:00,Winter Storm,1,KS
20197,2024-01-08 00:00:00+00:00,Winter Storm,1,KS
06000,2024-01-30 00:00:00+00:00,Severe Storm,1,CA
50007,2024-01-09 00:00:00+00:00,Severe Storm,1,VT
50009,2024-01-09 00:00:00+00:00,Severe Storm,1,VT
50011,2024-01-09 00:00:00+00:00,Severe Storm,1,VT
50015,2024-01-09 00:00:00+00:00,Severe Storm,1,VT
50019,2024-01-09 00:00:00+00:00,Severe Storm,1,VT
41000,2024-01-10 00:00:00+00:00,Severe Storm,1,OR
41003,2024-01-10 00:00:00+00:00,Severe Storm,1,OR
41005,2024-01-10 00:00:00+00:00,Severe Storm,1,OR
41011,2024-01-10 00:00:00+00:00,Severe Storm,1,OR
41027,2024-01-10 00:00:00+00:00,Severe Storm,1,OR
41039,2024-01-10 00:00:00+00:00,Severe Storm,1,OR
41041,2024-01-10 00:00:00+00:00,Severe Storm,1,OR
41043,2024-01-10 00:00:00+00:00,Severe Storm,1,OR
41051,2024-01-10 00:00:00+00:00,Severe Storm,1,OR
41055,2024-01-10 00:00:00+00:00,Severe Storm,1,OR
41057,2024-01-10 00:00:00+00:00,Severe Storm,1,OR
41065,2024-01-10 00:00:00+00:00,Severe Storm,1,OR
41071,2024-01-10 00:00:00+00:00,Severe Storm,1,OR
44005,2024-01-09 00:00:00+00:00,Severe Storm,1,RI
44007,2024-01-09 00:00:00+00:00,Severe Storm,1,RI
44003,2024-01-09 00:00:00+00:00,Severe Storm,1,RI
44009,2024-01-09 00:00:00+00:00,Severe Storm,1,RI
38003,2023-12-25 00:00:00+00:00,Winter Storm,1,ND
38017,2023-12-25 00:00:00+00:00,Winter Storm,1,ND
38021,2023-12-25 00:00:00+00:00,Winter Storm,1,ND
38037,2023-12-25 00:00:00+00:00,Winter Storm,1,ND
38045,2023-12-25 00:00:00+00:00,Winter Storm,1,ND
38047,2023-12-25 00:00:00+00:00,Winter Storm,1,ND
38051,2023-12-25 00:00:00+00:00,Winter Storm,1,ND
38073,2023-12-25 00:00:00+00:00,Winter Storm,1,ND
38077,2023-12-25 00:00:00+00:00,Winter Storm,1,ND
38081,2023-12-25 00:00:00+00:00,Winter Storm,1,ND
38091,2023-12-25 00:00:00+00:00,Winter Storm,1,ND
38093,2023-12-25 00:00:00+00:00,Winter Storm,1,ND
38097,2023-12-25 00:00:00+00:00,Winter Storm,1,ND
53075,2023-08-18 00:00:00+00:00,Fire,1,WA
53063,2023-08-18 00:00:00+00:00,Fire,1,WA
49021,2023-05-01 00:00:00+00:00,Flood,1,UT
49029,2023-05-01 00:00:00+00:00,Flood,1,UT
49039,2023-05-01 00:00:00+00:00,Flood,1,UT
49049,2023-05-01 00:00:00+00:00,Flood,1,UT
49051,2023-05-01 00:00:00+00:00,Flood,1,UT
01073,1973-05-29 00:00:00+00:00,Flood,1,AL
30009,2023-06-01 00:00:00+00:00,Flood,1,MT
30019,2023-06-01 00:00:00+00:00,Flood,1,MT
30027,2023-06-01 00:00:00+00:00,Flood,1,MT
30033,2023-06-01 00:00:00+00:00,Flood,1,MT
30037,2023-06-01 00:00:00+00:00,Flood,1,MT
30065,2023-06-01 00:00:00+00:00,Flood,1,MT
30069,2023-06-01 00:00:00+00:00,Flood,1,MT
30071,2023-06-01 00:00:00+00:00,Flood,1,MT
30095,2023-06-01 00:00:00+00:00,Flood,1,MT
30103,2023-06-01 00:00:00+00:00,Flood,1,MT
56025,2023-06-15 00:00:00+00:00,Flood,1,WY
51021,2025-02-10 00:00:00+00:00,Severe Storm,1,VA
51027,2025-02-10 00:00:00+00:00,Severe Storm,1,VA
51035,2025-02-10 00:00:00+00:00,Severe Storm,1,VA
51045,2025-02-10 00:00:00+00:00,Severe Storm,1,VA
51051,2025-02-10 00:00:00+00:00,Severe Storm,1,VA
51063,2025-02-10 00:00:00+00:00,Severe Storm,1,VA
51067,2025-02-10 00:00:00+00:00,Severe Storm,1,VA
51077,2025-02-10 00:00:00+00:00,Severe Storm,1,VA
51105,2025-02-10 00:00:00+00:00,Severe Storm,1,VA
51155,2025-02-10 00:00:00+00:00,Severe Storm,1,VA
47047,2023-07-18 00:00:00+00:00,Severe Storm,1,TN
47079,2023-07-18 00:00:00+00:00,Severe Storm,1,TN
47157,2023-07-18 00:00:00+00:00,Severe Storm,1,TN
47167,2023-07-18 00:00:00+00:00,Severe Storm,1,TN
51167,2025-02-10 00:00:00+00:00,Severe Storm,1,VA
51169,2025-02-10 00:00:00+00:00,Severe Storm,1,VA
51173,2025-02-10 00:00:00+00:00,Severe Storm,1,VA
51185,2025-02-10 00:00:00+00:00,Severe Storm,1,VA
51191,2025-02-10 00:00:00+00:00,Severe Storm,1,VA
51195,2025-02-10 00:00:00+00:00,Severe Storm,1,VA
51520,2025-02-10 00:00:00+00:00,Severe Storm,1,VA
48029,2025-03-04 00:00:00+00:00,Fire,0,TX
48409,2025-03-04 00:00:00+00:00,Fire,0,TX
19005,2023-04-24 00:00:00+00:00,Flood,1,IA
19043,2023-04-24 00:00:00+00:00,Flood,1,IA
19057,2023-04-24 00:00:00+00:00,Flood,1,IA
19061,2023-04-24 00:00:00+00:00,Flood,1,IA
19097,2023-04-24 00:00:00+00:00,Flood,1,IA
19111,2023-04-24 00:00:00+00:00,Flood,1,IA
19163,2023-04-24 00:00:00+00:00,Flood,1,IA
36071,2024-11-08 00:00:00+00:00,Fire,0,NY
40000,2020-01-20 00:00:00+00:00,Biological,0,OK
35061,2025-04-17 00:00:00+00:00,Fire,0,NM
02050,2023-05-12 00:00:00+00:00,Flood,1,AK
02180,2023-05-12 00:00:00+00:00,Flood,1,AK
02290,2023-05-12 00:00:00+00:00,Flood,1,AK
02050,2023-05-12 00:00:00+00:00,Flood,1,AK
02050,2023-05-12 00:00:00+00:00,Flood,1,AK
02158,2023-05-12 00:00:00+00:00,Flood,1,AK
02050,2023-05-12 00:00:00+00:00,Flood,1,AK
02050,2023-05-12 00:00:00+00:00,Flood,1,AK
02240,2023-05-12 00:00:00+00:00,Flood,1,AK
02240,2023-05-12 00:00:00+00:00,Flood,1,AK
47047,2023-06-25 00:00:00+00:00,Severe Storm,1,TN
47157,2023-06-25 00:00:00+00:00,Severe Storm,1,TN
47167,2023-06-25 00:00:00+00:00,Severe Storm,1,TN
01095,1973-05-29 00:00:00+00:00,Flood,1,AL
30000,2023-04-10 00:00:00+00:00,Flood,1,MT
30005,2023-04-10 00:00:00+00:00,Flood,1,MT
30019,2023-04-10 00:00:00+00:00,Flood,1,MT
30041,2023-04-10 00:00:00+00:00,Flood,1,MT
30067,2023-04-10 00:00:00+00:00,Flood,1,MT
30085,2023-04-10 00:00:00+00:00,Flood,1,MT
30091,2023-04-10 00:00:00+00:00,Flood,1,MT
30105,2023-04-10 00:00:00+00:00,Flood,1,MT
34041,2023-07-14 00:00:00+00:00,Severe Storm,1,NJ
15001,2023-08-08 00:00:00+00:00,Fire,1,HI
15009,2023-08-08 00:00:00+00:00,Fire,1,HI
21001,2025-02-14 00:00:00+00:00,Severe Storm,1,KY
21003,2025-02-14 00:00:00+00:00,Severe Storm,1,KY
21007,2025-02-14 00:00:00+00:00,Severe Storm,1,KY
21009,2025-02-14 00:00:00+00:00,Severe Storm,1,KY
21013,2025-02-14 00:00:00+00:00,Severe Storm,1,KY
21019,2025-02-14 00:00:00+00:00,Severe Storm,1,KY
21027,2025-02-14 00:00:00+00:00,Severe Storm,1,KY
21029,2025-02-14 00:00:00+00:00,Severe Storm,1,KY
21031,2025-02-14 00:00:00+00:00,Severe Storm,1,KY
21033,2025-02-14 00:00:00+00:00,Severe Storm,1,KY
21039,2025-02-14 00:00:00+00:00,Severe Storm,1,KY
21055,2025-02-14 00:00:00+00:00,Severe Storm,1,KY
21057,2025-02-14 00:00:00+00:00,Severe Storm,1,KY
21061,2025-02-14 00:00:00+00:00,Severe Storm,1,KY
21063,2025-02-14 00:00:00+00:00,Severe Storm,1,KY
